[
    {
        "model": "professor_evidence.semester",
        "pk": 1,
        "fields": {
            "semester_name": "S01_2023",
            "date_start": "2023-04-17",
            "date_end": "2023-08-13"
        }
    },
    {
        "model": "professor_evidence.school",
        "pk": 1,
        "fields": {
            "school_name": "Escuela de Ciencias Matemßticas y Tecnologφa Informßtica",
            "school_abbreviation": "ECMTI"
        }
    },
    {
        "model": "professor_evidence.school",
        "pk": 2,
        "fields": {
            "school_name": "Escuela de Ciencias Biol≤gicas e Ingenierφa",
            "school_abbreviation": "ECBI"
        }
    },
    {
        "model": "professor_evidence.school",
        "pk": 3,
        "fields": {
            "school_name": "Escuela de Ciencias Fφsicas y Nanotecnologφa",
            "school_abbreviation": "ECFN"
        }
    },
    {
        "model": "professor_evidence.school",
        "pk": 4,
        "fields": {
            "school_name": "Escuela de Ciencias Quφmicas e Ingenierφa",
            "school_abbreviation": "ECQI"
        }
    },
    {
        "model": "professor_evidence.school",
        "pk": 5,
        "fields": {
            "school_name": "Escuela de Ciencias Geol≤gicas e Ingenierφa",
            "school_abbreviation": "ECGI"
        }
    },
    {
        "model": "professor_evidence.career",
        "pk": 1,
        "fields": {
            "school_id": 1,
            "career_name": "Matemßticas"
        }
    },
    {
        "model": "professor_evidence.career",
        "pk": 2,
        "fields": {
            "school_id": 1,
            "career_name": "Computaci≤n"
        }
    },
    {
        "model": "professor_evidence.career",
        "pk": 3,
        "fields": {
            "school_id": 2,
            "career_name": "Biologφa"
        }
    },
    {
        "model": "professor_evidence.career",
        "pk": 4,
        "fields": {
            "school_id": 2,
            "career_name": "Biomedicina"
        }
    },
    {
        "model": "professor_evidence.career",
        "pk": 5,
        "fields": {
            "school_id": 3,
            "career_name": "Ingenierφa en Nanotecnologφa"
        }
    },
    {
        "model": "professor_evidence.career",
        "pk": 6,
        "fields": {
            "school_id": 3,
            "career_name": "Fφsica"
        }
    },
    {
        "model": "professor_evidence.career",
        "pk": 7,
        "fields": {
            "school_id": 4,
            "career_name": "Materiales"
        }
    },
    {
        "model": "professor_evidence.career",
        "pk": 8,
        "fields": {
            "school_id": 4,
            "career_name": "Quφmica"
        }
    },
    {
        "model": "professor_evidence.career",
        "pk": 9,
        "fields": {
            "school_id": 5,
            "career_name": "Agroindustria"
        }
    },
    {
        "model": "professor_evidence.career",
        "pk": 10,
        "fields": {
            "school_id": 5,
            "career_name": "Geologφa"
        }
    },
    {
        "model": "professor_evidence.professor",
        "pk": 1,
        "fields": {
            "career_id": 1,
            "professor_degree": "PhD",
            "professor_names": "Patricio Joshue",
            "professor_lastnames": "Mendoza N·±ez",
            "professor_denomination": "Profesor"
        }
    },
    {
        "model": "professor_evidence.professor",
        "pk": 2,
        "fields": {
            "career_id": 5,
            "professor_degree": "PhD",
            "professor_names": "Ronald Patricio",
            "professor_lastnames": "Mendoza N·±ez",
            "professor_denomination": "Profesor"
        }
    },
    {
        "model": "professor_evidence.activity_type",
        "pk": 1,
        "fields": {
            "activity_type": "Docencia"
        }
    },
    {
        "model": "professor_evidence.activity_type",
        "pk": 2,
        "fields": {
            "activity_type": "Vinculaci≤n"
        }
    },
    {
        "model": "professor_evidence.activity_type",
        "pk": 3,
        "fields": {
            "activity_type": "Investigaci≤n"
        }
    },
    {
        "model": "professor_evidence.activity_type",
        "pk": 4,
        "fields": {
            "activity_type": "Gesti≤n"
        }
    },
    {
        "model": "professor_evidence.evidence_type",
        "pk": 1,
        "fields": {
            "activity_type": 1,
            "evidence_type": "Impartir clases, seminarios, talleres, entre otros."
        }
    },
    {
        "model": "professor_evidence.evidence_type",
        "pk": 2,
        "fields": {
            "activity_type": 1,
            "evidence_type": "Planificar y actualizar contenidos de clases, seminarios, talleres, entre otros."
        }
    },
    {
        "model": "professor_evidence.evidence_type",
        "pk": 3,
        "fields": {
            "activity_type": 1,
            "evidence_type": "Dise±ar y elaborar material didßctico, guφas docentes o syllabus."
        }
    },
    {
        "model": "professor_evidence.evidence_type",
        "pk": 4,
        "fields": {
            "activity_type": 1,
            "evidence_type": "Dise±ar y elaborar textos."
        }
    },
    {
        "model": "professor_evidence.evidence_type",
        "pk": 5,
        "fields": {
            "activity_type": 1,
            "evidence_type": "Orientar y acompa±ar a los estudiantes a travΘs de tutorφas, individuales o grupales."
        }
    },
    {
        "model": "professor_evidence.evidence_type",
        "pk": 6,
        "fields": {
            "activity_type": 1,
            "evidence_type": "Realizar visitas de campo, tutorφas, docencia en servicio y formaci≤n dual."
        }
    },
    {
        "model": "professor_evidence.evidence_type",
        "pk": 7,
        "fields": {
            "activity_type": 1,
            "evidence_type": "Llevar a cabo la direcci≤n, tutorφas, seguimiento y evaluaci≤n de prßcticas o pasantφas preprofesionales."
        }
    },
    {
        "model": "professor_evidence.evidence_type",
        "pk": 8,
        "fields": {
            "activity_type": 1,
            "evidence_type": "Preparar, elaborar, aplicar y calificar exßmenes, trabajos y prßcticas."
        }
    },
    {
        "model": "professor_evidence.evidence_type",
        "pk": 9,
        "fields": {
            "activity_type": 1,
            "evidence_type": "Efectuar la direcci≤n y tutorφa de trabajos para la obtenci≤n del tφtulo."
        }
    },
    {
        "model": "professor_evidence.evidence_type",
        "pk": 10,
        "fields": {
            "activity_type": 1,
            "evidence_type": "Direccionar y participar en proyectos de experimentaci≤n e innovaci≤n docente."
        }
    },
    {
        "model": "professor_evidence.evidence_type",
        "pk": 11,
        "fields": {
            "activity_type": 1,
            "evidence_type": "Dise±ar e impartir cursos de educaci≤n continua o de capacitaci≤n y actualizaci≤n."
        }
    },
    {
        "model": "professor_evidence.evidence_type",
        "pk": 12,
        "fields": {
            "activity_type": 1,
            "evidence_type": "Participar y organizar colectivos acadΘmicos de debate, capacitaci≤n o intercambio de metodologφas y experiencias de ense±anza."
        }
    },
    {
        "model": "professor_evidence.evidence_type",
        "pk": 13,
        "fields": {
            "activity_type": 1,
            "evidence_type": "Llevar a cabo el uso pedag≤gico de la investigaci≤n formativa y la sistematizaci≤n como soporte o parte de la ense±anza."
        }
    },
    {
        "model": "professor_evidence.evidence_type",
        "pk": 14,
        "fields": {
            "activity_type": 1,
            "evidence_type": "Coordinar los aprendizajes prßcticos y de laboratorio."
        }
    },
    {
        "model": "professor_evidence.evidence_type",
        "pk": 15,
        "fields": {
            "activity_type": 2,
            "evidence_type": "Impulsar procesos de cooperaci≤n y desarrollo."
        }
    },
    {
        "model": "professor_evidence.evidence_type",
        "pk": 16,
        "fields": {
            "activity_type": 2,
            "evidence_type": "Prestar la asistencia tΘcnica, de servicios especializados, asφ como la participaci≤n en consultorφas que generen beneficio a la colectividad."
        }
    },
    {
        "model": "professor_evidence.evidence_type",
        "pk": 17,
        "fields": {
            "activity_type": 2,
            "evidence_type": "Impartir cursos de educaci≤n continua, capacitaci≤n, actualizaci≤n y certificaci≤n de competencias."
        }
    },
    {
        "model": "professor_evidence.evidence_type",
        "pk": 18,
        "fields": {
            "activity_type": 2,
            "evidence_type": "Prestar servicios a la sociedad tales como el anßlisis de laboratorio especializado, el peritaje, la revisi≤n tΘcnica documental, entre otros."
        }
    },
    {
        "model": "professor_evidence.evidence_type",
        "pk": 19,
        "fields": {
            "activity_type": 2,
            "evidence_type": "Fomentar la constituci≤n, desarrollo y fortalecimiento de organizaciones de la sociedad civil, redes y demßs espacios de participaci≤n ciudadana."
        }
    },
    {
        "model": "professor_evidence.evidence_type",
        "pk": 20,
        "fields": {
            "activity_type": 2,
            "evidence_type": "Organizar o participar en actividades de divulgaci≤n, democratizaci≤n y distribuci≤n del saber."
        }
    },
    {
        "model": "professor_evidence.evidence_type",
        "pk": 21,
        "fields": {
            "activity_type": 2,
            "evidence_type": "Promocionar la internacionalizaci≤n de la comunidad acadΘmica superior e impulso de las relaciones internacionales."
        }
    },
    {
        "model": "professor_evidence.evidence_type",
        "pk": 22,
        "fields": {
            "activity_type": 2,
            "evidence_type": "Desarrollar proyectos de innovaci≤n que permitan aplicar los conocimientos generados en las IES, en proyectos productivos o de beneficio social."
        }
    },
    {
        "model": "professor_evidence.evidence_type",
        "pk": 23,
        "fields": {
            "activity_type": 2,
            "evidence_type": "Dar guφa y seguimiento a estudiantes que participen en proyectos de vinculaci≤n y evaluar prßcticas preprofesionales de servicio comunitario desarrolladas en dichos proyectos."
        }
    },
    {
        "model": "professor_evidence.evidence_type",
        "pk": 24,
        "fields": {
            "activity_type": 3,
            "evidence_type": "Dise±ar, direccionar y ejecutar proyectos de investigaci≤n bßsica, aplicada, tecnol≤gica y en artes, o proyectos de vinculaci≤n articulados a la investigaci≤n, que supongan creaci≤n, innovaci≤n, difusi≤n y transferencia de los resultados obtenidos."
        }
    },
    {
        "model": "professor_evidence.evidence_type",
        "pk": 25,
        "fields": {
            "activity_type": 3,
            "evidence_type": "Realizar investigaci≤n para la comprensi≤n, recuperaci≤n, fortalecimiento y potenciaci≤n de los saberes ancestrales."
        }
    },
    {
        "model": "professor_evidence.evidence_type",
        "pk": 26,
        "fields": {
            "activity_type": 3,
            "evidence_type": "Dise±ar, elaborar y poner en marcha metodologφas, instrumentos, protocolos o procedimientos operativos o de investigaci≤n."
        }
    },
    {
        "model": "professor_evidence.evidence_type",
        "pk": 27,
        "fields": {
            "activity_type": 3,
            "evidence_type": "Investigar en laboratorios, centros documentales y demßs instalaciones habilitadas para esta funci≤n, asφ como en entornos sociales."
        }
    },
    {
        "model": "professor_evidence.evidence_type",
        "pk": 28,
        "fields": {
            "activity_type": 3,
            "evidence_type": "Participar en congresos, seminarios y conferencias para la presentaci≤n de avances y resultados de sus investigaciones."
        }
    },
    {
        "model": "professor_evidence.evidence_type",
        "pk": 29,
        "fields": {
            "activity_type": 3,
            "evidence_type": "Participar en congresos, seminarios y conferencias para la presentaci≤n de avances y resultados de sus investigaciones."
        }
    },
    {
        "model": "professor_evidence.evidence_type",
        "pk": 30,
        "fields": {
            "activity_type": 3,
            "evidence_type": "Dise±ar y participar en redes y programas de investigaci≤n local, nacional e internacional."
        }
    },
    {
        "model": "professor_evidence.evidence_type",
        "pk": 31,
        "fields": {
            "activity_type": 3,
            "evidence_type": "Participar en comitΘs o consejos acadΘmicos y editoriales de revistas cientφficas y acadΘmicas indexadas y/o arbitradas."
        }
    },
    {
        "model": "professor_evidence.evidence_type",
        "pk": 32,
        "fields": {
            "activity_type": 3,
            "evidence_type": "Llevar a cabo la difusi≤n de resultados y beneficios sociales de la investigaci≤n, a travΘs de publicaciones, producciones artφsticas, actuaciones, conciertos, creaci≤n u organizaci≤n de instalaciones y de exposiciones, entre otros."
        }
    },
    {
        "model": "professor_evidence.evidence_type",
        "pk": 33,
        "fields": {
            "activity_type": 3,
            "evidence_type": "Direccionar o participar en colectivos acadΘmicos de debate para la presentaci≤n de avances y resultados de investigaciones."
        }
    },
    {
        "model": "professor_evidence.evidence_type",
        "pk": 34,
        "fields": {
            "activity_type": 4,
            "evidence_type": "Desempe±ar las funciones como rector, vicerrector o integrante del ≤rgano colegiado superior."
        }
    },
    {
        "model": "professor_evidence.evidence_type",
        "pk": 35,
        "fields": {
            "activity_type": 4,
            "evidence_type": "Desempe±ar las funciones o cargos de decano, subdecano o similar jerarquφa."
        }
    },
    {
        "model": "professor_evidence.evidence_type",
        "pk": 36,
        "fields": {
            "activity_type": 4,
            "evidence_type": "Dirigir escuelas, departamentos, centros o institutos de investigaci≤n."
        }
    },
    {
        "model": "professor_evidence.evidence_type",
        "pk": 37,
        "fields": {
            "activity_type": 4,
            "evidence_type": "Dirigir y/o coordinar carreras o programas."
        }
    },
    {
        "model": "professor_evidence.evidence_type",
        "pk": 38,
        "fields": {
            "activity_type": 4,
            "evidence_type": "Dirigir y/o gestionar los procesos de docencia, investigaci≤n y vinculaci≤n con la sociedad en sus distintos niveles de organizaci≤n acadΘmica e institucional."
        }
    },
    {
        "model": "professor_evidence.evidence_type",
        "pk": 39,
        "fields": {
            "activity_type": 4,
            "evidence_type": "Organizar y/o dirigir eventos acadΘmicos nacionales o internacionales."
        }
    },
    {
        "model": "professor_evidence.evidence_type",
        "pk": 40,
        "fields": {
            "activity_type": 4,
            "evidence_type": "Desempe±ar cargos tales como: editor acadΘmico, director o miembro editorial de una publicaci≤n."
        }
    },
    {
        "model": "professor_evidence.evidence_type",
        "pk": 41,
        "fields": {
            "activity_type": 4,
            "evidence_type": "Dise±ar proyectos de carreras y programas de estudios de grado y posgrado."
        }
    },
    {
        "model": "professor_evidence.evidence_type",
        "pk": 42,
        "fields": {
            "activity_type": 4,
            "evidence_type": "Participar como delegado institucional en organismos p·blicos u otros que forman parte del Sistema de Educaci≤n Superior, asφ como sociedades cientφficas o acadΘmicas."
        }
    },
    {
        "model": "professor_evidence.evidence_type",
        "pk": 43,
        "fields": {
            "activity_type": 4,
            "evidence_type": "Participar como evaluador o facilitador acadΘmico externo del CES, el CACES, el ╙rgano Rector de la Polφtica P·blica de Educaci≤n Superior u otro organismo p·blico de investigaci≤n o desarrollo tecnol≤gico."
        }
    },
    {
        "model": "professor_evidence.evidence_type",
        "pk": 44,
        "fields": {
            "activity_type": 4,
            "evidence_type": "Participar como representante del estamento de profesores e investigadores de acuerdo con el estatuto de la IES particular en las sesiones del ≤rgano colegiado superior."
        }
    },
    {
        "model": "professor_evidence.evidence_type",
        "pk": 45,
        "fields": {
            "activity_type": 4,
            "evidence_type": "Integrar en calidad de Consejero AcadΘmico de los organismos que rigen el Sistema de Educaci≤n Superior (CES y CACES); en estos casos, se reconocerß la dedicaci≤n como equivalente a tiempo completo."
        }
    },
    {
        "model": "professor_evidence.evidence_type",
        "pk": 46,
        "fields": {
            "activity_type": 4,
            "evidence_type": "Ejercer cargos de nivel jerßrquico superior en el ╙rgano Rector de la Polφtica P·blica de Educaci≤n Superior; en estos casos se reconocerß la dedicaci≤n como equivalente a tiempo completo."
        }
    },
    {
        "model": "professor_evidence.evidence_type",
        "pk": 47,
        "fields": {
            "activity_type": 4,
            "evidence_type": "Formar parte de COMISIONES acadΘmicas en escuelas."
        }
    },
    {
        "model": "professor_evidence.evidence_type",
        "pk": 48,
        "fields": {
            "activity_type": 4,
            "evidence_type": "Participar en capacitaciones de formaci≤n pedag≤gica."
        }
    },
    {
        "model": "auth.permission",
        "pk": 1,
        "fields": {
            "name": "Can add semester",
            "content_type": 1,
            "codename": "add_semester"
        }
    },
    {
        "model": "auth.permission",
        "pk": 2,
        "fields": {
            "name": "Can change semester",
            "content_type": 1,
            "codename": "change_semester"
        }
    },
    {
        "model": "auth.permission",
        "pk": 3,
        "fields": {
            "name": "Can delete semester",
            "content_type": 1,
            "codename": "delete_semester"
        }
    },
    {
        "model": "auth.permission",
        "pk": 4,
        "fields": {
            "name": "Can view semester",
            "content_type": 1,
            "codename": "view_semester"
        }
    },
    {
        "model": "auth.permission",
        "pk": 5,
        "fields": {
            "name": "Can add school",
            "content_type": 2,
            "codename": "add_school"
        }
    },
    {
        "model": "auth.permission",
        "pk": 6,
        "fields": {
            "name": "Can change school",
            "content_type": 2,
            "codename": "change_school"
        }
    },
    {
        "model": "auth.permission",
        "pk": 7,
        "fields": {
            "name": "Can delete school",
            "content_type": 2,
            "codename": "delete_school"
        }
    },
    {
        "model": "auth.permission",
        "pk": 8,
        "fields": {
            "name": "Can view school",
            "content_type": 2,
            "codename": "view_school"
        }
    },
    {
        "model": "auth.permission",
        "pk": 9,
        "fields": {
            "name": "Can add career",
            "content_type": 3,
            "codename": "add_career"
        }
    },
    {
        "model": "auth.permission",
        "pk": 10,
        "fields": {
            "name": "Can change career",
            "content_type": 3,
            "codename": "change_career"
        }
    },
    {
        "model": "auth.permission",
        "pk": 11,
        "fields": {
            "name": "Can delete career",
            "content_type": 3,
            "codename": "delete_career"
        }
    },
    {
        "model": "auth.permission",
        "pk": 12,
        "fields": {
            "name": "Can view career",
            "content_type": 3,
            "codename": "view_career"
        }
    },
    {
        "model": "auth.permission",
        "pk": 13,
        "fields": {
            "name": "Can add professor",
            "content_type": 4,
            "codename": "add_professor"
        }
    },
    {
        "model": "auth.permission",
        "pk": 14,
        "fields": {
            "name": "Can change professor",
            "content_type": 4,
            "codename": "change_professor"
        }
    },
    {
        "model": "auth.permission",
        "pk": 15,
        "fields": {
            "name": "Can delete professor",
            "content_type": 4,
            "codename": "delete_professor"
        }
    },
    {
        "model": "auth.permission",
        "pk": 16,
        "fields": {
            "name": "Can view professor",
            "content_type": 4,
            "codename": "view_professor"
        }
    },
    {
        "model": "auth.permission",
        "pk": 17,
        "fields": {
            "name": "Can add semester_ school",
            "content_type": 5,
            "codename": "add_semester_school"
        }
    },
    {
        "model": "auth.permission",
        "pk": 18,
        "fields": {
            "name": "Can change semester_ school",
            "content_type": 5,
            "codename": "change_semester_school"
        }
    },
    {
        "model": "auth.permission",
        "pk": 19,
        "fields": {
            "name": "Can delete semester_ school",
            "content_type": 5,
            "codename": "delete_semester_school"
        }
    },
    {
        "model": "auth.permission",
        "pk": 20,
        "fields": {
            "name": "Can view semester_ school",
            "content_type": 5,
            "codename": "view_semester_school"
        }
    },
    {
        "model": "auth.permission",
        "pk": 21,
        "fields": {
            "name": "Can add semester_ career",
            "content_type": 6,
            "codename": "add_semester_career"
        }
    },
    {
        "model": "auth.permission",
        "pk": 22,
        "fields": {
            "name": "Can change semester_ career",
            "content_type": 6,
            "codename": "change_semester_career"
        }
    },
    {
        "model": "auth.permission",
        "pk": 23,
        "fields": {
            "name": "Can delete semester_ career",
            "content_type": 6,
            "codename": "delete_semester_career"
        }
    },
    {
        "model": "auth.permission",
        "pk": 24,
        "fields": {
            "name": "Can view semester_ career",
            "content_type": 6,
            "codename": "view_semester_career"
        }
    },
    {
        "model": "auth.permission",
        "pk": 25,
        "fields": {
            "name": "Can add activity_ type",
            "content_type": 7,
            "codename": "add_activity_type"
        }
    },
    {
        "model": "auth.permission",
        "pk": 26,
        "fields": {
            "name": "Can change activity_ type",
            "content_type": 7,
            "codename": "change_activity_type"
        }
    },
    {
        "model": "auth.permission",
        "pk": 27,
        "fields": {
            "name": "Can delete activity_ type",
            "content_type": 7,
            "codename": "delete_activity_type"
        }
    },
    {
        "model": "auth.permission",
        "pk": 28,
        "fields": {
            "name": "Can view activity_ type",
            "content_type": 7,
            "codename": "view_activity_type"
        }
    },
    {
        "model": "auth.permission",
        "pk": 29,
        "fields": {
            "name": "Can add evidence_ type",
            "content_type": 8,
            "codename": "add_evidence_type"
        }
    },
    {
        "model": "auth.permission",
        "pk": 30,
        "fields": {
            "name": "Can change evidence_ type",
            "content_type": 8,
            "codename": "change_evidence_type"
        }
    },
    {
        "model": "auth.permission",
        "pk": 31,
        "fields": {
            "name": "Can delete evidence_ type",
            "content_type": 8,
            "codename": "delete_evidence_type"
        }
    },
    {
        "model": "auth.permission",
        "pk": 32,
        "fields": {
            "name": "Can view evidence_ type",
            "content_type": 8,
            "codename": "view_evidence_type"
        }
    },
    {
        "model": "auth.permission",
        "pk": 33,
        "fields": {
            "name": "Can add document",
            "content_type": 9,
            "codename": "add_document"
        }
    },
    {
        "model": "auth.permission",
        "pk": 34,
        "fields": {
            "name": "Can change document",
            "content_type": 9,
            "codename": "change_document"
        }
    },
    {
        "model": "auth.permission",
        "pk": 35,
        "fields": {
            "name": "Can delete document",
            "content_type": 9,
            "codename": "delete_document"
        }
    },
    {
        "model": "auth.permission",
        "pk": 36,
        "fields": {
            "name": "Can view document",
            "content_type": 9,
            "codename": "view_document"
        }
    },
    {
        "model": "auth.permission",
        "pk": 37,
        "fields": {
            "name": "Can add activity_ report",
            "content_type": 10,
            "codename": "add_activity_report"
        }
    },
    {
        "model": "auth.permission",
        "pk": 38,
        "fields": {
            "name": "Can change activity_ report",
            "content_type": 10,
            "codename": "change_activity_report"
        }
    },
    {
        "model": "auth.permission",
        "pk": 39,
        "fields": {
            "name": "Can delete activity_ report",
            "content_type": 10,
            "codename": "delete_activity_report"
        }
    },
    {
        "model": "auth.permission",
        "pk": 40,
        "fields": {
            "name": "Can view activity_ report",
            "content_type": 10,
            "codename": "view_activity_report"
        }
    },
    {
        "model": "auth.permission",
        "pk": 41,
        "fields": {
            "name": "Can add report",
            "content_type": 11,
            "codename": "add_report"
        }
    },
    {
        "model": "auth.permission",
        "pk": 42,
        "fields": {
            "name": "Can change report",
            "content_type": 11,
            "codename": "change_report"
        }
    },
    {
        "model": "auth.permission",
        "pk": 43,
        "fields": {
            "name": "Can delete report",
            "content_type": 11,
            "codename": "delete_report"
        }
    },
    {
        "model": "auth.permission",
        "pk": 44,
        "fields": {
            "name": "Can view report",
            "content_type": 11,
            "codename": "view_report"
        }
    },
    {
        "model": "auth.permission",
        "pk": 45,
        "fields": {
            "name": "Can add task",
            "content_type": 12,
            "codename": "add_task"
        }
    },
    {
        "model": "auth.permission",
        "pk": 46,
        "fields": {
            "name": "Can change task",
            "content_type": 12,
            "codename": "change_task"
        }
    },
    {
        "model": "auth.permission",
        "pk": 47,
        "fields": {
            "name": "Can delete task",
            "content_type": 12,
            "codename": "delete_task"
        }
    },
    {
        "model": "auth.permission",
        "pk": 48,
        "fields": {
            "name": "Can view task",
            "content_type": 12,
            "codename": "view_task"
        }
    },
    {
        "model": "auth.permission",
        "pk": 49,
        "fields": {
            "name": "Can add log entry",
            "content_type": 13,
            "codename": "add_logentry"
        }
    },
    {
        "model": "auth.permission",
        "pk": 50,
        "fields": {
            "name": "Can change log entry",
            "content_type": 13,
            "codename": "change_logentry"
        }
    },
    {
        "model": "auth.permission",
        "pk": 51,
        "fields": {
            "name": "Can delete log entry",
            "content_type": 13,
            "codename": "delete_logentry"
        }
    },
    {
        "model": "auth.permission",
        "pk": 52,
        "fields": {
            "name": "Can view log entry",
            "content_type": 13,
            "codename": "view_logentry"
        }
    },
    {
        "model": "auth.permission",
        "pk": 53,
        "fields": {
            "name": "Can add permission",
            "content_type": 14,
            "codename": "add_permission"
        }
    },
    {
        "model": "auth.permission",
        "pk": 54,
        "fields": {
            "name": "Can change permission",
            "content_type": 14,
            "codename": "change_permission"
        }
    },
    {
        "model": "auth.permission",
        "pk": 55,
        "fields": {
            "name": "Can delete permission",
            "content_type": 14,
            "codename": "delete_permission"
        }
    },
    {
        "model": "auth.permission",
        "pk": 56,
        "fields": {
            "name": "Can view permission",
            "content_type": 14,
            "codename": "view_permission"
        }
    },
    {
        "model": "auth.permission",
        "pk": 57,
        "fields": {
            "name": "Can add group",
            "content_type": 15,
            "codename": "add_group"
        }
    },
    {
        "model": "auth.permission",
        "pk": 58,
        "fields": {
            "name": "Can change group",
            "content_type": 15,
            "codename": "change_group"
        }
    },
    {
        "model": "auth.permission",
        "pk": 59,
        "fields": {
            "name": "Can delete group",
            "content_type": 15,
            "codename": "delete_group"
        }
    },
    {
        "model": "auth.permission",
        "pk": 60,
        "fields": {
            "name": "Can view group",
            "content_type": 15,
            "codename": "view_group"
        }
    },
    {
        "model": "auth.permission",
        "pk": 61,
        "fields": {
            "name": "Can add user",
            "content_type": 16,
            "codename": "add_user"
        }
    },
    {
        "model": "auth.permission",
        "pk": 62,
        "fields": {
            "name": "Can change user",
            "content_type": 16,
            "codename": "change_user"
        }
    },
    {
        "model": "auth.permission",
        "pk": 63,
        "fields": {
            "name": "Can delete user",
            "content_type": 16,
            "codename": "delete_user"
        }
    },
    {
        "model": "auth.permission",
        "pk": 64,
        "fields": {
            "name": "Can view user",
            "content_type": 16,
            "codename": "view_user"
        }
    },
    {
        "model": "auth.permission",
        "pk": 65,
        "fields": {
            "name": "Can add content type",
            "content_type": 17,
            "codename": "add_contenttype"
        }
    },
    {
        "model": "auth.permission",
        "pk": 66,
        "fields": {
            "name": "Can change content type",
            "content_type": 17,
            "codename": "change_contenttype"
        }
    },
    {
        "model": "auth.permission",
        "pk": 67,
        "fields": {
            "name": "Can delete content type",
            "content_type": 17,
            "codename": "delete_contenttype"
        }
    },
    {
        "model": "auth.permission",
        "pk": 68,
        "fields": {
            "name": "Can view content type",
            "content_type": 17,
            "codename": "view_contenttype"
        }
    },
    {
        "model": "auth.permission",
        "pk": 69,
        "fields": {
            "name": "Can add session",
            "content_type": 18,
            "codename": "add_session"
        }
    },
    {
        "model": "auth.permission",
        "pk": 70,
        "fields": {
            "name": "Can change session",
            "content_type": 18,
            "codename": "change_session"
        }
    },
    {
        "model": "auth.permission",
        "pk": 71,
        "fields": {
            "name": "Can delete session",
            "content_type": 18,
            "codename": "delete_session"
        }
    },
    {
        "model": "auth.permission",
        "pk": 72,
        "fields": {
            "name": "Can view session",
            "content_type": 18,
            "codename": "view_session"
        }
    },
    {
        "model": "auth.permission",
        "pk": 73,
        "fields": {
            "name": "Can add evidence",
            "content_type": 8,
            "codename": "add_evidence"
        }
    },
    {
        "model": "auth.permission",
        "pk": 74,
        "fields": {
            "name": "Can change evidence",
            "content_type": 8,
            "codename": "change_evidence"
        }
    },
    {
        "model": "auth.permission",
        "pk": 75,
        "fields": {
            "name": "Can delete evidence",
            "content_type": 8,
            "codename": "delete_evidence"
        }
    },
    {
        "model": "auth.permission",
        "pk": 76,
        "fields": {
            "name": "Can view evidence",
            "content_type": 8,
            "codename": "view_evidence"
        }
    },
    {
        "model": "contenttypes.contenttype",
        "pk": 1,
        "fields": {
            "app_label": "professor_evidence",
            "model": "semester"
        }
    },
    {
        "model": "contenttypes.contenttype",
        "pk": 2,
        "fields": {
            "app_label": "professor_evidence",
            "model": "school"
        }
    },
    {
        "model": "contenttypes.contenttype",
        "pk": 3,
        "fields": {
            "app_label": "professor_evidence",
            "model": "career"
        }
    },
    {
        "model": "contenttypes.contenttype",
        "pk": 4,
        "fields": {
            "app_label": "professor_evidence",
            "model": "professor"
        }
    },
    {
        "model": "contenttypes.contenttype",
        "pk": 5,
        "fields": {
            "app_label": "professor_evidence",
            "model": "semester_school"
        }
    },
    {
        "model": "contenttypes.contenttype",
        "pk": 6,
        "fields": {
            "app_label": "professor_evidence",
            "model": "semester_career"
        }
    },
    {
        "model": "contenttypes.contenttype",
        "pk": 7,
        "fields": {
            "app_label": "professor_evidence",
            "model": "activity_type"
        }
    },
    {
        "model": "contenttypes.contenttype",
        "pk": 8,
        "fields": {
            "app_label": "professor_evidence",
            "model": "evidence_type"
        }
    },
    {
        "model": "contenttypes.contenttype",
        "pk": 9,
        "fields": {
            "app_label": "professor_evidence",
            "model": "document"
        }
    },
    {
        "model": "contenttypes.contenttype",
        "pk": 10,
        "fields": {
            "app_label": "professor_evidence",
            "model": "activity_report"
        }
    },
    {
        "model": "contenttypes.contenttype",
        "pk": 11,
        "fields": {
            "app_label": "professor_evidence",
            "model": "report"
        }
    },
    {
        "model": "contenttypes.contenttype",
        "pk": 12,
        "fields": {
            "app_label": "tasks",
            "model": "task"
        }
    },
    {
        "model": "contenttypes.contenttype",
        "pk": 13,
        "fields": {
            "app_label": "admin",
            "model": "logentry"
        }
    },
    {
        "model": "contenttypes.contenttype",
        "pk": 14,
        "fields": {
            "app_label": "auth",
            "model": "permission"
        }
    },
    {
        "model": "contenttypes.contenttype",
        "pk": 15,
        "fields": {
            "app_label": "auth",
            "model": "group"
        }
    },
    {
        "model": "contenttypes.contenttype",
        "pk": 16,
        "fields": {
            "app_label": "auth",
            "model": "user"
        }
    },
    {
        "model": "contenttypes.contenttype",
        "pk": 17,
        "fields": {
            "app_label": "contenttypes",
            "model": "contenttype"
        }
    },
    {
        "model": "contenttypes.contenttype",
        "pk": 18,
        "fields": {
            "app_label": "sessions",
            "model": "session"
        }
    }
]